Book ID,Title,Author,Category,Price (Rs.),ISBN,Cover Image URL,In Stock,View Count,Rating,Search Tags,Search Count,Branch,Current Stock,Daily Sales,Branch Demand Score,Trend Score,Trend Label
REAL-001,2048,ලැන්ටන් සිල්වා,නවකතා (Sci-Fi Novel),1200,978-955-31-2954-3,/images/books/2048.jpg,TRUE,342,4.2,"2048, ලැන්ටන් සිල්වා, විද්‍යා ප්‍රබන්ධ",214,Colombo,63,7,109.06,88.552,High Demand
REAL-002,ඔලිම්පස්හි රුධිරය (The Heroes of Olympus),රික් රියෝඩන්,යොවුන් ප්‍රබන්ධ (Fantasy),2250,978-624-5519-22-4,/images/books/olympus.jpg,TRUE,856,4.8,"ඔලිම්පස්හි රුධිරය, රික් රියෝඩන්, පරිවර්තන",282,Colombo,5,4,138.08,122.036,High Demand
REAL-003,රුධිර බන්ධන,නිශාදි විපුලසේන,නවකතා (Novel),700,978-624-5566-01-3,/images/books/rudhira_bandhana.jpg,TRUE,120,3.9,"රුධිර බන්ධන, නිශාදි විපුලසේන, නවකතා",283,Colombo,20,4,107.2,90.74,High Demand
REAL-004,ආයෙත් වරක්,ප්‍රබෝධනී වදිරිසිංහ,නවකතා (Fiction Novel),1900,978-624-6808-02-0,/images/books/ayeth_warak.jpg,TRUE,540,4.5,"ආයෙත් වරක්, ප්‍රබෝධනී වදිරිසිංහ, ආදර කතා",226,Kandy,37,26,158.4,116.78,High Demand
REAL-005,රුධිර මායා (The Dangerous Girl),ආර්. එල්. ස්ටයින් (පරිවර්තනය: සුදත් රොහාන්),ත්‍රාසජනක (Vampire Story),1300,978-624-5865-78-9,/images/books/rudhira_maya.jpg,TRUE,920,4.6,"රුධිර මායා, සුදත් රොහාන්, ත්‍රාසජනක, Vampire",156,Galle,19,7,118.8,104.66,High Demand
REAL-006,ධවල ගොසරෑවිය,අජිත් පී. ධර්මසූරිය,නවකතා (Novel),1590,978-955-31-1923-0,/images/books/dhawala.jpg,TRUE,210,4.1,"ධවල ගොසරෑවිය, අජිත් පී ධර්මසූරිය",28,Kandy,9,11,74.9,66.48,Moderate Demand
REAL-007,කොන් කෝල්,කේතකී වික්‍රමාරච්චි,රහස් පරීක්ෂක (Crime Thriller),1000,978-624-5877-10-1,/images/books/con_call.jpg,TRUE,670,4.7,"කොන් කෝල්, කේතකී වික්‍රමාරච්චි, රහස් පරීක්ෂක",47,Colombo,40,4,84.5,79.6,Moderate Demand
REAL-008,බුද්ධස්තූප,පූජ්‍ය ගංගොඩවිල සෝම හිමි,බෞද්ධ දර්ශනය (Buddhism),500,N/A,/images/books/buddhasthupa.jpg,TRUE,450,4.9,"බුද්ධස්තූප, ගංගොඩවිල සෝම හිමි, බෞද්ධ",167,Kandy,63,30,155.9,111.58,High Demand
REAL-009,"හොල්මන්, ආවේශ සහ යළි උපත (You Cannot Die)",ඉයන් කරි (පරිවර්තනය: භද්‍රජි මහින්ද ජයතිලක),මනෝවිද්‍යා (Psychology),650,978-955-671-215-5,/images/books/you_cannot_die.jpg,TRUE,312,4.3,"හොල්මන්, භද්‍රජි මහින්ද ජයතිලක, මනෝවිද්‍යා",98,Colombo,74,27,125.96,87.632,High Demand
REAL-010,1981 යාපනය ගිනිලෑම,පරිවර්තන කෘතියක්,දේශපාලන / ඉතිහාසය (History),800,978-955-95493-1-4,/images/books/1981_yapanaya.jpg,TRUE,520,4.6,"1981 යාපනය ගිනිලෑ, ඉතිහාසය, දේශපාලන",147,Colombo,40,2,95,86.9,High Demand
REAL-011,විෂ කන්‍යා (Poison's Kiss),බ්‍රීආනා ශීල්ඩ්ස් (පරිවර්තනය: නිම්මි මුදිතා හේරත්),යොවුන් ප්‍රබන්ධ (Fantasy),1300,978-955-691-350-7,/images/books/wisha_kanya.jpg,TRUE,680,4.5,"විෂ කන්‍යා, නිම්මි මුදිතා හේරත්, පරිවර්තන",297,Kandy,9,21,166.8,129.16,High Demand
REAL-012,දඩයම් බල්ලෝ,පරිවර්තන නවකතා,රහස් පරීක්ෂක (Thriller),1500,978-624-5572-38-0,/images/books/dadayam_ballo.jpg,TRUE,890,4.7,"දඩයම් බල්ලෝ, රහස් පරීක්ෂක, ත්‍රාසජනක",116,Kandy,78,10,116.9,95.98,High Demand
REAL-013,මනුසත් විමන,විකසිත ප්‍රකාශන,ගුප්ත කතා (Mystery),1200,978-955-02252-8-6,/images/books/maya_wana.jpg,TRUE,230,4,"මනුසත් විමන, ගුප්ත කතා",63,Kandy,78,26,111.5,75.8,Moderate Demand
REAL-014,2010,ආතර් සී. ක්ලාක් (පරිවර්තනය: චන්දන වීරසිංහ),විද්‍යා ප්‍රබන්ධ (Science Fiction),850,978-624-5712-10-6,/images/books/2010_clarke.jpg,TRUE,1050,4.8,"2010, ආතර් සී ක්ලාක්, විද්‍යා ප්‍රබන්ධ",58,Colombo,49,2,95.1,89.72,High Demand
REAL-015,Crown of Midnight,සාරා ජේ. මාස් (Sarah J. Maas),යොවුන් ප්‍රබන්ධ (Fantasy),2300,978-624-5663-48-4,/images/books/crown_of_midnight.jpg,TRUE,1120,4.9,"Crown of Midnight, සාරා ජේ මාස්, පරිවර්තන, Fantasy",193,Galle,46,22,165.2,127.94,High Demand
REAL-008,ගුප්ත දඩබිම,මොනිකා පුෂ්පකුමාරි,නවකතා (Novel),850,978-624-6103-28-6,/images/books/gupta_dadabima.jpg,TRUE,145,4,"ගුප්ත දඩබිම, මොනිකා පුෂ්පකුමාරි",47,Galle,22,19,91.75,71.35,Moderate Demand
REAL-009,ආශා විල් තෙර,තරංගා දිසානායක,නවකතා (Novel),1150,978-955-1116-15-6,/images/books/asha_wil_thera.jpg,TRUE,320,4.3,"ආශා විල් තෙර, තරංගා දිසානායක",72,Colombo,48,20,107,81.2,High Demand
REAL-010,මන්දාරම් රාත්‍රිය,ඩී. එම්. අනුර දිසානායක,රහස් පරීක්ෂක (Detective Novel),1650,978-624-5829-10-1,/images/books/mandaram_rathriya.jpg,TRUE,890,4.8,"මන්දාරම් රාත්‍රිය, අනුර දිසානායක, රහස් පරීක්ෂක",225,Galle,47,29,177.7,130.74,High Demand
REAL-011,උන්මාද තොටමුණ,රූපා ශ්‍රියානි ඒකනායක,නවකතා (Novel),1800,978-624-5638-96-3,/images/books/unmada_nothamuna.jpg,TRUE,410,4.2,"උන්මාද තොටමුණ, රූපා ශ්‍රියානි ඒකනායක",110,Colombo,37,7,90.3,78.36,Moderate Demand
REAL-012,සික්,ආසිරි මුණසිංහ,නවකතා (Novel),1900,978-955-680-826-1,/images/books/sik.jpg,TRUE,650,4.6,"සික්, ආසිරි මුණසිංහ",296,Galle,79,25,174.7,125.64,High Demand
REAL-013,කොළඹ (Colombo),මොහාන් රාජ් මඩවල,නවකතා (Novel),1650,978-955-4690-06-6,/images/books/colombo.jpg,TRUE,1200,4.9,"කොළඹ, මොහාන් රාජ් මඩවල, Colombo",124,Galle,80,28,165.8,121.76,High Demand
REAL-014,පරිසියා,අසංක රණතුංග,නවකතා (Novel),600,978-955-3490-08-7,/images/books/paradiya.jpg,TRUE,230,3.8,"පරිසියා, අසංක රණතුංග",119,Colombo,50,17,102.7,76.84,Moderate Demand
REAL-015,වෛරයේ අග්නි ධාරා,සිතුමිණි පලිපාන,නවකතා (Novel),1300,978-624-99551-7-2,/images/books/vairaye_agni.jpg,TRUE,420,4.5,"වෛරයේ අග්නි ධාරා, සිතුමිණි පලිපාන, ආදර කතා",244,Colombo,42,5,116.4,98.88,High Demand
REAL-016,කුඩා කවුළු ඈත පෙනෙන,සරත් විජේසූරිය,නවකතා (Novel),850,978-624-6708-28-3,/images/books/kuda_kawulu.jpg,TRUE,310,4.2,"කුඩා කවුළු ඈත පෙනෙන, සරත් විජේසූරිය",174,Kandy,47,25,136.1,98.12,High Demand
REAL-017,පුද්ගලිකයි රහසිගතයි (The Secret Files of Sherlock Holmes),චන්දන මෙන්ඩිස් (පරිවර්තනය),රහස් පරීක්ෂක (Detective),990,955-97776-4-5,/images/books/pudgalikayi_rahasigathayi.jpg,TRUE,890,4.8,"පුද්ගලිකයි රහසිගතයි, චන්දන මෙන්ඩිස්, ශර්ලොක් හෝම්ස්, Sherlock Holmes",160,Kandy,75,20,146.7,111.64,High Demand
REAL-018,මං තරු මං දිගේ,වරුණි වාසවදත්තා දේශප්‍රිය,නවකතා (Novel),2400,978-624-5558-84-1,/images/books/tharu_man_dige.jpg,TRUE,560,4.6,"මං තරු මං දිගේ, වරුණි වාසවදත්තා දේශප්‍රිය",111,Kandy,38,6,97,86.3,High Demand
REAL-019,මාරුතයේ ගීතය,නිකිනි නවීනා,ත්‍රාසජනක (Thriller),1990,978-624-5558-59-9,/images/books/marakaye_geethaya.jpg,TRUE,670,4.7,"මාරුතයේ ගීතය, නිකිනි නවීනා, ත්‍රාසජනක",152,Galle,61,13,123.5,99.4,High Demand
REAL-020,යදම්,දිනිති තරුමිණි,නවකතා (Novel),2500,978-624-6168-43-8,/images/books/yadam.jpg,TRUE,280,4.1,"යදම්, දිනිති තරුමිණි",251,Galle,58,21,141.6,102.62,High Demand
REAL-021,බහිරව රණ ශූරයෝ,මංජුල දිසානායක (පරිවර්තනය),පරිවර්තන (Translation),1450,978-955-697-062-3,/images/books/bahirawa_rana.jpg,TRUE,450,4.4,"බහිරව රණ ශූරයෝ, මංජුල දිසානායක, පරිවර්තන",263,Galle,57,22,154.1,113.22,High Demand
REAL-022,මන් දෝත පෑවාට,සමුද්‍රි ජයසිරිගේ,නවකතා (Novel),790,978-624-5671-14-4,/images/books/man_dotha.jpg,TRUE,190,3.9,"මන් දෝත පෑවාට, සමුද්‍රි ජයසිරිගේ",159,Galle,73,27,130.5,88.3,High Demand
REAL-023,රෝසමාලී,ශමෙල් ජයකොඩි,නවකතා (Novel),1470,978-955-671-015-1,/images/books/rosamali.jpg,TRUE,340,4.3,"රෝසමාලී, ශමෙල් ජයකොඩි",29,Kandy,29,24,107,80.8,High Demand
REAL-024,සුසුරන් 2,පියදාස රත්නසිංහ (පරිවර්තනය),පරිවර්තන (Translation),1250,978-624-5846-29-0,/images/books/susuran_2.jpg,TRUE,850,4.8,"සුසුරන් 2, පියදාස රත්නසිංහ, පරිවර්තන, ජපන්",28,Kandy,77,27,133.1,97.52,High Demand
REAL-025,බිනර මල,ශාලිනි වීරකෝන්,නවකතා (Novel),1730,978-624-5671-47-2,/images/books/binara_mala.jpg,TRUE,420,4.4,"බිනර මල, ශාලිනි වීරකෝන්, ආදර කතා",80,Colombo,6,4,80.6,77.52,Moderate Demand
REAL-026,සීතල පෙම (The Cold Love),චේතනා ද සිල්වා,නවකතා (Novel),1200,978-624-5671-18-2,/images/books/seethala_pema.jpg,TRUE,380,4.5,"සීතල පෙම, චේතනා ද සිල්වා, The Cold Love",117,Colombo,70,28,135.8,95.66,High Demand
REAL-027,එවා මෙහේ බෑ මචං,පිනසිරි දඩල්ලගේ,විචාර (Non-fiction / Criticism),750,978-955-97643-5-9,/images/books/ewa_mehe_ba.jpg,TRUE,210,4.1,"එවා මෙහේ බෑ මචං, පිනසිරි දඩල්ලගේ, විචාර",276,Kandy,40,11,124.5,98.1,High Demand
REAL-028,අපෙන් එකෙක්,මොනිකා පුෂ්ප කුමාරි,නවකතා (Novel),1000,978-624-6103-08-8,/images/books/apen_ekek.jpg,TRUE,315,4.2,"අපෙන් එකෙක්, මොනිකා පුෂ්ප කුමාරි",198,Colombo,41,11,113.05,91.01,High Demand
REAL-029,උකුස්සෙකු අහසේ,කුලසේන ෆොන්සේකා,නවකතා (Novel),700,978-624-99022-1-3,/images/books/ukusseku_ahase.jpg,TRUE,540,4.6,"උකුස්සෙකු අහසේ, කුලසේන ෆොන්සේකා",157,Kandy,46,8,109.6,93.02,High Demand
REAL-030,බිහිසුණු මැදියම,අරුණ චරංග දිසානායක,ත්‍රාසජනක (Thriller),1100,978-624-5829-09-5,/images/books/bihisunu_madiyama.jpg,TRUE,340,4.3,"බිහිසුණු මැදියම, අරුණ චරංග දිසානායක, ත්‍රාසජනක",209,Colombo,25,19,133,102.4,High Demand
REAL-031,ග්ලැසේරා,කේෂාන් හරේෂු,ත්‍රාසජනක (Thriller),1300,978-624-5572-01-4,/images/books/glasera.jpg,TRUE,410,4.1,"ග්ලැසේරා, ත්‍රාසජනක",252,Galle,48,14,131.7,101.54,High Demand
REAL-032,සයිකෝ (Psycho),සුසිත රුවන්,නවකතා (Fiction),1800,978-624-5771-19-4,/images/books/psycho.jpg,TRUE,520,4.5,"සයිකෝ, සුසිත රුවන්, Psycho",78,Colombo,71,1,78.2,72.14,Moderate Demand
REAL-033,අනාගතේ පැතිකඩක් (Profiles of the Future),ආතර් සී. ක්ලාක් (පරිවර්තනය: එස්. එම්. බන්දුසීල),විද්‍යා (Science) / පරිවර්තන,600,978-624-5712-31-1,/images/books/anagathe_pathikadak.jpg,TRUE,890,4.9,"අනාගතේ පැතිකඩක්, ආතර් සී ක්ලාක්, Arthur C. Clarke, විද්‍යා",35,Galle,65,20,122.7,96.34,High Demand
REAL-034,WISH (විෂ්),සමීර ඒකනායක,නවකතා (Novel),1100,978-624-5572-83-0,/images/books/wish.jpg,TRUE,275,4,"WISH, විෂ්, සමීර ඒකනායක",120,Colombo,76,3,78.25,66.75,Moderate Demand
REAL-035,විකෘති,ධනු ජයසුන්දර,රහස් පරීක්ෂක (Crime / Detective),775,978-624-5577-08-7,/images/books/vikurthi.jpg,TRUE,430,4.4,"විකෘති, ධනු ජයසුන්දර, රහස් පරීක්ෂක, Crime",88,Colombo,19,4,82.5,77.6,Moderate Demand
REAL-037,නිමාවක නිල් පැය,මදාරා අබේසිංහ (පරිවර්තනය),ත්‍රාසජනක (Thriller / Mystery),2000,978-624-6570-32-3,/images/books/nimawaka_nil_paya.jpg,TRUE,480,4.5,"නිමාවක නිල් පැය, මදාරා අබේසිංහ, Nimawaka Nil Paya",195,Colombo,29,8,114.4,97.28,High Demand
REAL-038,නැන්දම්මාගේ ඩයරිය,කල්පනා කස්තුරිආරච්චි,කෙටිකතා (Short Stories),600,978-624-9695-78-8,/images/books/nendammage_dayariya.jpg,TRUE,215,4.2,"නැන්දම්මාගේ ඩයරිය, කල්පනා කස්තුරිආරච්චි, Nendammage Dayariya",51,Galle,21,12,82.65,70.63,Moderate Demand
REAL-039,අඹ යහළුවෝ,ටී. බී. ඉලංගරත්න,නවකතා (Novel),658.75,978-955-4682-00-9,/images/books/amba_yahaluwo_new.jpg,TRUE,1500,4.9,"අඹ යහළුවෝ, ටී බී ඉලංගරත්න, Amba Yahaluwo",276,Colombo,2,26,201.2,157.04,High Demand
REAL-040,තඹර තටාකය (Thabara Thatakaya),සන්ධ්‍යා කුමුදුනී සුබසිංහ,නවකතා (Novel),697,9556759328,/images/books/thabara_thatakaya.jpg,TRUE,310,4.5,"තඹර තටාකය, Thabara Thatakaya, සන්ධ්‍යා කුමුදුනී සුබසිංහ",238,Galle,61,3,107.9,91.68,High Demand
REAL-041,කළු රෝස (Kalu Rosa),මනීෂි ගමගේ,Fantasy / Romance / Novel,1584,978-624-6570-64-4,/images/books/kalu_rosa.jpg,TRUE,520,4.7,"කළු රෝස, Kalu Rosa, මනීෂි ගමගේ, Fantasy",212,Kandy,5,2,109,100.7,High Demand
REAL-042,370 යානයේ අබිරහස (370 Yanaye Abirahasa),භද්‍රජී මහින්ද ජයතිලක,Novel / Mystery / Suspense,960,978-624-6570-68-2,/images/books/370_yanaye_abirahasa.jpg,TRUE,890,4.8,"370 යානයේ අබිරහස, 370 Yanaye Abirahasa, භද්‍රජී මහින්ද ජයතිලක, Mystery",33,Colombo,19,17,115.3,97.06,High Demand
REAL-043,ඒලියන් එක්ස් (Alien X),සිනේර රිද්මික,Science Fiction (Sci-Fi) / Novel,1200,978-624-6570-58-3,/images/books/alien_x.jpg,TRUE,430,4.6,"ඒලියන් එක්ස්, Alien X, සිනේර රිද්මික, Sci-Fi",49,Galle,32,13,94.7,80.44,High Demand
REAL-044,සේද සලකුණ (Seda Salakuna),කවීෂ නඳුන් කග්ගොඩආරච්චි,Detective / Mystery / Translation,1800,978-624-6570-71-2,/images/books/seda_salakuna.jpg,TRUE,275,4.4,"සේද සලකුණ, Seda Salakuna, කවීෂ නඳුන් කග්ගොඩආරච්චි, Detective",95,Colombo,27,28,127.25,92.95,High Demand
REAL-045,මුන්ෆ්ලවර් මඩර්ස් (Moonflower Murders),ගයාන් සම්පත් වනිගනෙත්ති (පරිවර්තනය),Thriller / Fiction / Mystery / Suspense,1960,978-624-6570-47-7,/images/books/moonflower_murders.jpg,TRUE,420,4.6,"මුන්ෆ්ලවර් මඩර්ස්, Moonflower Murders, ගයාන් සම්පත් වනිගනෙත්ති",254,Colombo,27,23,155.4,117.38,High Demand
REAL-046,රක්ත ගිවිසුම (Raktha Givisuma),නිලන්ති එදිරිවීර (පරිවර්තනය),Thriller / Mystery / Psychological Thriller,1600,978-624-6570-67-5,/images/books/raktha_givisuma.jpg,TRUE,380,4.4,"රක්ත ගිවිසුම, Raktha Givisuma, නිලන්ති එදිරිවීර",86,Galle,11,30,132.6,97.62,High Demand
REAL-047,ඒක පුදුම ආදරයක් (Eka Puduma Adarayak),පාලිත ජයකොඩි,Romance / Thriller,400,9.78625E+12,/images/books/eka_puduma_adarayak.jpg,TRUE,150,4.1,"ඒක පුදුම ආදරයක්, Eka Puduma Adarayak, පාලිත ජයකොඩි",103,Kandy,5,25,116.1,87.02,High Demand
REAL-048,මෙහෙමත් ආදරයක් (Mehemath Adarayak),දිලීප් ප්‍රසන්න සෙනෙවිරත්න,Romance,960,9.78625E+12,/images/books/mehemath_adarayak.jpg,TRUE,210,4.3,"මෙහෙමත් ආදරයක්, Mehemath Adarayak, දිලීප් ප්‍රසන්න සෙනෙවිරත්න",281,Colombo,61,18,141.5,104.7,High Demand
REAL-049,සැඟවුණු ජීවිත (Sangawunu Jeevitha),සවින්දි ආරියතිලක (පරිවර්තනය),Thriller / Translation,1600,978-624-6570-56-9,/images/books/sangawunu_jeevitha.jpg,TRUE,330,4.5,"සැඟවුණු ජීවිත, Sangawunu Jeevitha, සවින්දි ආරියතිලක",271,Colombo,70,23,155.1,111.92,High Demand
REAL-050,පලිඟු ඇස (Palingu Eas),ප්‍රනේශිකා ප්‍රනාන්දු,නවකතා (Novel),850,9.78625E+12,/images/books/palingu_eas.jpg,FALSE,460,4.2,"පලිඟු ඇස, Palingu Eas, ප්‍රනේශිකා ප්‍රනාන්දු",100,Galle,38,20,115.8,88.56,High Demand
REAL-051,හොඳින් දන්න නාඳුනන අපි (Hodin Danna Nandunana Apa),කල්පනා කස්තුරිආරච්චි,Novel / Suspense,807.5,9.78625E+12,/images/books/hodin_danna_nandunana_apa.jpg,TRUE,270,4.4,"හොඳින් දන්න නාඳුනන අපි, Hodin Danna Nandunana Apa, කල්පනා කස්තුරිආරච්චි",260,Colombo,40,2,108.1,93.82,High Demand
REAL-052,සඳවැස්සක (Sadewasekala),වත්සලා බාලසූරිය,නවකතා (Novel),1020,9.78625E+12,/images/books/sadewasekala.jpg,FALSE,190,4,"සඳවැස්සක, Sadewasekala, වත්සලා බාලසූරිය",198,Kandy,13,4,93.3,82.56,High Demand
REAL-053,චන්ද්‍ර හෝරාව (Chandra Horawa),ලක්ෂිණි දිල්රුක්ෂි,නවකතා (Novel),1258,9.78625E+12,/images/books/chandra_horawa.jpg,FALSE,540,4.7,"චන්ද්‍ර හෝරාව, Chandra Horawa, ලක්ෂිණි දිල්රුක්ෂි",260,Galle,30,29,173.2,127.04,High Demand
REAL-054,රන්හුයක සිරවී (Ranhuyaka Sirawee),යාෂු සේමසිංහ,නවකතා (Novel),1402.5,9.78625E+12,/images/books/ranhuyaka_sirawee.jpg,TRUE,610,4.8,"රන්හුයක සිරවී, Ranhuyaka Sirawee, යාෂු සේමසිංහ",215,Colombo,55,23,155.3,116.46,High Demand
REAL-055,හරිත නිම්නය (Haritha Nimnaya),අනුර පද්මසිරි දිසානායක,නවකතා (Novel),360,9553136141,/images/books/haritha_nimnaya.jpg,TRUE,180,4.2,"හරිත නිම්නය, Haritha Nimnaya, අනුර පද්මසිරි දිසානායක",255,Colombo,75,6,110.4,88.08,High Demand
REAL-056,තවත් එක් බිරිඳක් (Thawath Ek Biridak),ප්‍රභානි තෙන්නකෝන්,නවකතා (Novel),1360,6246808115,/images/books/thawath_ek_biridak.jpg,TRUE,290,4.4,"තවත් එක් බිරිඳක්, Thawath Ek Biridak, ප්‍රභානි තෙන්නකෝන්",105,Galle,27,28,129.7,94.74,High Demand
REAL-057,ආර්ණා (Aarna),අලානා මදුරගොඩ,නවකතා (Novel),1487.5,6242104660,/images/books/aarna.jpg,TRUE,415,4.6,"ආර්ණා, Aarna, අලානා මදුරගොඩ",112,Colombo,69,29,138.85,97.97,High Demand
REAL-058,අස්ත්‍රා (Asthra),අසේනි වර්ෂා,නවකතා (Novel),1615,624659655X,/images/books/asthra.jpg,FALSE,230,4.3,"අස්ත්‍රා, Asthra, අසේනි වර්ෂා",252,Kandy,41,30,160.3,112.76,High Demand
REAL-059,බීබී (BB),සමන් වික්‍රමආරච්චි,නවකතා (Novel),360,9553136451,/images/books/bb.jpg,TRUE,560,4.7,"බීබී, BB, සමන් වික්‍රමආරච්චි",212,Colombo,80,9,124.2,99.84,High Demand
REAL-060,හීන පහක් (Hina Pahak),සුනේත්‍රා අලුත්දුන්න,නවකතා (Novel),520,9553136494,/images/books/hina_pahak.jpg,TRUE,310,4.5,"හීන පහක්, Hina Pahak, සුනේත්‍රා අලුත්දුන්න",26,Galle,30,22,103.5,80.3,High Demand
REAL-061,බටහිර සුළඟ (Batahira Sulaga),හැරිසන් ද සිල්වා,නවකතා (Novel),780,9553136559,/images/books/batahira_sulaga.jpg,TRUE,195,4.1,"බටහිර සුළඟ, Batahira Sulaga, හැරිසන් ද සිල්වා",229,Galle,33,24,140.65,102.23,High Demand
REAL-062,වානේ පන්නරය ලැබූ හැටි - 1,දැඩිගම වී. රුද්‍රිගු (පරිවර්තනය),නවකතා / පරිවර්තනය,960,9553137113,/images/books/wane_pannaraya_1.jpg,TRUE,720,4.9,"වානේ පන්නරය ලැබූ හැටි, Wane Pannaraya, දැඩිගම වී රුද්‍රිගු",188,Galle,22,25,158.2,121.64,High Demand
REAL-063,වානේ පන්නරය ලැබූ හැටි - 2,දැඩිගම වී. රුද්‍රිගු (පරිවර්තනය),නවකතා / පරිවර්තනය,880,9553137164,/images/books/wane_pannaraya_2.jpg,TRUE,680,4.9,"වානේ පන්නරය ලැබූ හැටි, Wane Pannaraya, දැඩිගම වී රුද්‍රිගු",184,Galle,6,27,160.2,123.24,High Demand
REAL-064,නකල්ස් (Knuckles),විශ්වනි කරුණාරත්න,Mystery / Thriller / Novel,950,978-624-5891-06-1,/images/books/knuckles.jpg,TRUE,510,4.6,"නකල්ස්, Knuckles, විශ්වනි කරුණාරත්න, Wishwani Karunarathna",199,Colombo,7,26,153.1,116.42,High Demand
REAL-065,සමුද්‍ර (Samudra),දිලුක්ෂි හඳපාන්ගොඩ,Fantasy / Romance / Novel,1200,978-624-5673-33-9,/images/books/samudra.jpg,TRUE,340,4.5,"සමුද්‍ර, Samudra, දිලුක්ෂි හඳපාන්ගොඩ, Dilukshi Handapangoda",292,Galle,64,26,165.6,118.12,High Demand
REAL-066,බෙරගල පල්ලම (Beragala Pallama),ඩී. එම්. අනුර දිසානායක,Mystery / Crime / Novel,250,978-955-4578-66-1,/images/books/beragala_pallama.jpg,TRUE,280,4.3,"බෙරගල පල්ලම, Beragala Pallama, අනුර දිසානායක, Anura Dissanayaka",101,Galle,49,7,85.6,73.72,Moderate Demand
REAL-067,හාලි ඇල වලව්ව (Hali Ela Walawwa),ඩී. එම්. අනුර දිසානායක,Crime / Mystery / Thriller,450,978-955-29-0147-8,/images/books/hali_ela_walawwa.jpg,TRUE,425,4.4,"හාලි ඇල වලව්ව, Hali Ela Walawwa, අනුර දිසානායක, Anura Dissanayaka",239,Galle,10,16,136.55,109.11,High Demand
REAL-068,තරු (Tharu),යනුෂා ලක්මාලි,නවකතා (Novel),490,978-624-6586-09-6,/images/books/tharu.jpg,TRUE,195,4.2,"තරු, Tharu, යනුෂා ලක්මාලි, Yanusha Lakmali",36,Colombo,75,7,69.05,58.61,Moderate Demand
REAL-069,චන්ද්‍ර රක්ත (Chandra Raktha),සඳරුවන් ලෙව්කේ බණ්ඩාර,Horror / Fantasy / Thriller,1300,978-624-5572-96-0,/images/books/chandra_raktha.jpg,TRUE,610,4.8,"චන්ද්‍ර රක්ත, Chandra Raktha, සඳරුවන් ලෙව්කේ බණ්ඩාර",188,Kandy,19,5,113.9,101.88,High Demand
REAL-070,I'm Your Lady,අශ්විනි ජයවර්ධන,Horror / Thriller / Mystery,1350,978-624-6178-04-8,/images/books/im_your_lady.jpg,TRUE,470,4.6,"I'm Your Lady, අයිම් යුවර් ලේඩි, අශ්විනි ජයවර්ධන",45,Kandy,32,15,99.1,82.52,High Demand
REAL-071,ටොක්සික් - ගරභ විෂ (Toxic),මොහාන් රාජ් මඩවල,Fiction / Novel,1650,978-624-6039-10-3,/images/books/toxic.jpg,TRUE,890,4.9,"ටොක්සික්, Toxic, ගරභ විෂ, මොහාන් රාජ් මඩවල",220,Galle,25,27,173.7,131.84,High Demand
REAL-072,මන්දෝදරී (Mandodari),මොහාන් රාජ් මඩවල,Fiction / Novel,1650,978-624-6039-05-9,/images/books/mandodari.jpg,TRUE,750,4.8,"මන්දෝදරී, Mandodari, මොහාන් රාජ් මඩවල",254,Galle,33,6,133.3,114.16,High Demand
REAL-073,සෙත් (Seth),ගයානා එස්. ලක්මාලි,නවකතා (Novel),650,978-955-0929-34-4,/images/books/seth.jpg,TRUE,310,4.5,"සෙත්, Seth, ගයානා එස් ලක්මාලි, Gayana S Lakmali",56,Galle,32,29,123.5,89.9,High Demand
REAL-074,අරාජිකයෙක් ඇවිත්,ඩී. කේ. ආටිගල,නවකතා (Novel),1500,978-624-5572-41-0,/images/books/arajikayek_avith.jpg,TRUE,425,4.8,"අරාජිකයෙක් ඇවිත්, Arajikayek Avith, ඩී කේ ආටිගල",88,Colombo,70,19,116.35,89.17,High Demand
REAL-075,රක්තමෘත (Raktamrutha),පොසිකා රණසිංහ,ත්‍රාසජනක (Thriller),800,978-624-5891-00-9,/images/books/unknown_thriller.jpg,TRUE,150,4.1,"රක්තමෘත, Raktamrutha, පොසිකා රණසිංහ",290,Colombo,58,26,155.5,108.7,High Demand
REAL-076,උරුම් (Urum),මිලින්ද ලක්ෂාන්,නවකතා (Novel),1275,978-624-5663-76-7,/images/books/uruma.jpg,TRUE,520,4.6,"උරුම, Uruma, මිලින්ද ලක්ෂාන්, Milinda Lakshan",86,Kandy,28,21,120.8,94.76,High Demand
REAL-077,ඇබිනෝල් (Abinol),සමීර මදුසංක,විද්‍යා ප්‍රබන්ධ (Sci-Fi),780,978-624-5572-32-8,/images/books/unknown_scifi.jpg,TRUE,280,4.3,"ඇබිනෝල්, Abinol, සමීර මදුසංක",133,Colombo,15,7,92,81.6,High Demand
REAL-078,යවෙස් (Yaves),සචින්ද්‍රා ලක්ශ්‍රිණි ගුණසේකර,නවකතා (Novel),850,978-624-5891-03-0,/images/books/yavesh.jpg,FALSE,390,4.4,"යවෙස්, Yaves, සචින්ද්‍රා ලක්ශ්‍රිණි",298,Galle,22,26,167.3,123.26,High Demand
REAL-079,සෙබළියගේ දූත ගමන,අනුලා ද සිල්වා (පරිවර්තනය),පරිවර්තන (Translation),350,978-955-656-237-8,/images/books/man_with_a_mission.jpg,TRUE,610,4.7,"සෙබළියගේ දූත ගමන, Man with a Mission, අනුලා ද සිල්වා",170,Galle,80,24,147.3,107.26,High Demand
REAL-080,ගං තෙරේ අවතාරේ,සුදත් රොහාන් (පරිවර්තනය),ත්‍රාසජනක / පරිවර්තන,850,978-955-3909-07-7,/images/books/ghost_in_the_water.jpg,TRUE,450,4.5,"ගං තෙරේ අවතාරේ, Ghost in the Water, සුදත් රොහාන්",129,Colombo,21,3,90.3,84.06,High Demand
REAL-081,ගෝහාර් (Gohar),මුතුමුදලිගේ නිශ්ශංක,ත්‍රාසජනක / නවකතා,1000,978-955-3493-84-2,/images/books/gohar.jpg,TRUE,720,4.9,"ගෝහාර්, Gohar, මුතුමුදලිගේ නිශ්ශංක",97,Kandy,72,4,98,87.1,High Demand
REAL-082,හෝ ලූසී ලුසී (Ho Lusi Lusi),මුතුමුදලිගේ නිශ්ශංක,නවකතා (Novel),980,978-624-5552-23-8,/images/books/ho_lusi.jpg,TRUE,250,4.1,"හෝ ලූසී ලුසී, Ho Lusi Lusi, මුතුමුදලිගේ නිශ්ශංක",85,Galle,33,20,105.5,80.3,High Demand
REAL-083,11 එලවන් (11 Eleven),මුතුමුදලිගේ නිශ්ශංක,ත්‍රාසජනක,1300,978-624-5552-14-6,/images/books/11_eleven.jpg,TRUE,310,4.4,"11 එලවන්, 11 Eleven, මුතුමුදලිගේ නිශ්ශංක",237,Kandy,9,23,146.7,111.54,High Demand
REAL-084,ඩිප්‍රෙෂන් (Depression),ධනු ජයසුන්දර,Crime Thriller,800,978-624-5577-02-6,/images/books/depression.jpg,TRUE,420,4.6,"ඩිප්‍රෙෂන්, Depression, ධනු ජයසුන්දර",205,Galle,23,16,131.6,105.32,High Demand
REAL-085,ජෝකර් (Joker),ධනු ජයසුන්දර,Crime Thriller,950,978-624-5577-01-9,/images/books/joker.jpg,TRUE,395,4.5,"ජෝකර්, Joker, ධනු ජයසුන්දර, Crime Thriller",156,Galle,18,3,94.05,86.71,High Demand
REAL-086,සහ සස රංසි (Saha Sasa Ransi),රන්දික කඩවතආරච්චි,නවකතා (Novel),775,978-624-5577-06-4,/images/books/saha_sasa_ransi.jpg,TRUE,280,4.2,"සහ සස රංසි, Saha Sasa Ransi, රන්දික කඩවතආරච්චි",286,Colombo,32,22,151.6,112.12,High Demand
REAL-087,5D මිරකල් (5D Miracle),ධනු ජයසුන්දර,Crime Thriller,1500,978-624-5577-16-3,/images/books/5d_miracle.jpg,TRUE,510,4.8,"5D මිරකල්, 5D Miracle, ධනු ජයසුන්දර",115,Kandy,73,27,140.3,101.26,High Demand
REAL-088,පර්සි ජැක්සන් සහ රාක්ෂ සයුර,රික් රියෝඩන් (පරි. සවින්දි ආරියතිලක),පරිවර්තන / Fantasy,1500,978-955-697-090-0,/images/books/percy_jackson_sea_of_monsters.jpg,TRUE,890,4.9,"පර්සි ජැක්සන් සහ රාක්ෂ සයුර, Percy Jackson",36,Colombo,14,4,90.9,88.78,High Demand
REAL-089,පර්සි ජැක්සන් සහ වංගිරියේ සටන,රික් රියෝඩන් (පරි. සවින්දි ආරියතිලක),පරිවර්තන / Fantasy,1600,978-955-697-089-0,/images/books/percy_jackson_battle_of_the_labyrinth.jpg,TRUE,910,4.9,පර්සි ජැක්සන් සහ වංගිරියේ සටන,156,Colombo,46,20,147.5,115.7,High Demand
REAL-090,මරු සැඟවුණු වැල්ල,වික්ටෝරියා හෝල්ට් (පරි. කෝසලී සිරිවර්ධන),පරිවර්තන,1475,978-955-697-251-1,/images/books/shivering_sands.jpg,TRUE,460,4.5,"මරු සැඟවුණු වැල්ල, The Shivering Sands, Victoria Holt",122,Galle,78,17,117.2,88.84,High Demand
REAL-091,දඩයක්කාරයාගේ හෝරාව,වික්ටෝරියා හෝල්ට්,පරිවර්තන,1350,978-624-5638-18-5,/images/books/time_of_the_hunters_moon.jpg,TRUE,340,4.5,"දඩයක්කාරයාගේ හෝරාව, Victoria Holt",28,Galle,11,27,114.8,87.26,High Demand
REAL-092,මොනර පිලේ ශාපය (The India Fan),වික්ටෝරියා හෝල්ට්,පරිවර්තන,850,978-955-697-197-2,/images/books/india_fan_monara.jpg,TRUE,410,4.6,"මොනර පිලේ ශාපය, The India Fan, Victoria Holt",52,Kandy,51,8,84.7,74.44,Moderate Demand
REAL-093,ජුරාසික් දඩයම,චන්දන මෙන්ඩිස්,ත්‍රාසජනක / පරිවර්තන,350,978-955-96828-9-X,/images/books/jurassic_dadayama.jpg,TRUE,520,4.8,"ජුරාසික් දඩයම, Jurassic Dadayama, චන්දන මෙන්ඩිස්",27,Kandy,3,7,83,80.2,High Demand
REAL-094,බැස්කවිල් රුදුරු බල්ලා,ආතර් කොනන් ඩොයිල්,රහස් පරීක්ෂක / පරිවර්තන,490,978-955-1262-18-1,/images/books/hound_of_baskervilles.jpg,TRUE,890,4.9,"බැස්කවිල් රුදුරු බල්ලා, Arthur Conan Doyle, Sherlock Holmes",164,Galle,55,14,136.5,110.6,High Demand
REAL-095,බිහිසුණු නිම්නය (The Valley of Fear),ආතර් කොනන් ඩොයිල්,රහස් පරීක්ෂක / පරිවර්තන,475,N/A,/images/books/valley_of_fear.jpg,TRUE,760,4.7,"බිහිසුණු නිම්නය, The Valley of Fear, Sherlock Holmes",145,Kandy,44,2,102.8,93.66,High Demand
REAL-096,මළගිය ඇත්තෝ සාක්කි දෙති!,ආතර් කොනන් ඩොයිල්,රහස් පරීක්ෂක / පරිවර්තන,450,N/A,/images/books/malagiya_aththo.jpg,TRUE,680,4.8,"මළගිය ඇත්තෝ සාක්කි දෙති, Sherlock Holmes",52,Galle,77,12,102.8,84.46,High Demand
REAL-097,භීෂණයේ හෝරාව (Hour of Devils),ලසිත රවීන් උමගිලිය,ත්‍රාසජනක,500,978-955-96943-1-5,/images/books/hour_of_devils.jpg,TRUE,310,4.5,"භීෂණයේ හෝරාව, Hour of Devils, ලසිත රවීන් උමගිලිය",249,Colombo,7,23,150.1,114.62,High Demand
REAL-098,ඉව (Sniff),ලසිත රවීන් උමගිලිය,ත්‍රාසජනක (Thriller),1200,978-624-6023-05-8,/images/books/sniff_iwa.jpg,TRUE,480,4.7,"ඉව, Sniff, Iwa, ලසිත රවීන් උමගිලිය",134,Galle,38,23,134.2,102.24,High Demand
REAL-099,මනම්පිටියේ භීෂණය,ලසිත රවීන් උමගිලිය,රහස් පරීක්ෂක,650,978-955-51166-6-4,/images/books/curse_of_manampitiya.jpg,TRUE,620,4.6,"මනම්පිටියේ භීෂණය, Curse of Manampitiya, CID",84,Kandy,50,22,125.4,95.68,High Demand
REAL-100,බර්මියුඩා අබිරහස,ලසිත රවීන් උමගිලිය,ත්‍රාසජනක,400,978-955-51166-7-1,/images/books/bermuda_triangle.jpg,TRUE,540,4.4,"බර්මියුඩා අබිරහස, Bermuda Triangle",244,Kandy,6,20,149,116.4,High Demand
REAL-101,ඩ්‍රැකියුලාගේ දියණිය,ලසිත රවීන් උමගිලිය,ත්‍රාසජනක,400,N/A,/images/books/draculas_daughter.jpg,TRUE,390,4.3,"ඩ්‍රැකියුලාගේ දියණිය, Dracula's Daughter",51,Colombo,34,19,102.9,80.68,High Demand
REAL-102,ඇතුල්වීම තහනම් (No Entry),ලසිත රවීන් උමගිලිය,රහස් පරීක්ෂක,500,978-955-1596-34-7,/images/books/no_entry.jpg,TRUE,710,4.8,"ඇතුල්වීම තහනම්, No Entry, CID",183,Kandy,19,13,131.9,110.18,High Demand
REAL-103,ඩූ OR ඩයි (Do or Die),ලසිත රවීන් උමගිලිය,ත්‍රාසජනක,950,978-624-6023-10-2,/images/books/do_or_die.jpg,TRUE,520,4.6,"ඩූ OR ඩයි, Do or Die, ලසිත රවීන් උමගිලිය",118,Kandy,37,30,145.2,105.54,High Demand
REAL-104,හෙමරිජ් මන්දිරයේ අබිරහස,ලසිත රවීන් උමගිලිය,ත්‍රාසජනක,400,978-955-98943-5-8,/images/books/haemorrhage_mystery.jpg,TRUE,380,4.4,"හෙමරිජ් මන්දිරයේ අබිරහස, The Mystery of the Haemorrhage",197,Kandy,22,4,102.8,91.26,High Demand
REAL-105,ද කේස් ඔෆ් ද බියුටිෆුල් බෙගර්,අර්ල් ස්ටැන්ලි ගාඩ්නර්,රහස් පරීක්ෂක,600,978-955-1596-53-8,/images/books/beautiful_beggar.jpg,TRUE,450,4.7,"ද කේස් ඔෆ් ද බියුටිෆුල් බෙගර්, Perry Mason",283,Colombo,46,11,139.1,111.92,High Demand
REAL-106,පිපා ෆිට්ස්-අමෝබිගේ ඝාතන ලිපිගොනුව,හොලී ජැක්සන්,ත්‍රාසජනක / පරිවර්තන,2400,978-624-6570-31-6,/images/books/good_girls_guide_to_murder.jpg,TRUE,1250,4.9,"A Good Girl's Guide to Murder, හොලී ජැක්සන්",156,Galle,49,14,145.7,119.44,High Demand
REAL-107,සේපාලිකා 1 (Sepalika Book-01),චෙරි මින්ෂි (Cherry Minshi),නවකතා (Novel),2350,978-624-6570-51-4,/images/books/sepalika_1.jpg,TRUE,890,4.8,"සේපාලිකා 1, Sepalika Book-01, චෙරි මින්ෂි",128,Colombo,6,8,116.3,104.46,High Demand
REAL-108,සේපාලිකා 2 (Sepalika Book-02),චෙරි මින්ෂි (Cherry Minshi),නවකතා (Novel),2350,978-624-6570-52-1,/images/books/sepalika_2.jpg,TRUE,860,4.8,"සේපාලිකා 2, Sepalika Book-02, චෙරි මින්ෂි",45,Kandy,48,4,90.8,84.66,High Demand
REAL-109,එක්ස්කැවේෂන් (Excavation),ජේම්ස් රොලින්ස්,පරිවර්තන,2250,978-955-3727-59-6,/images/books/excavation.jpg,TRUE,124,4.5,"එක්ස්කැවේෂන්, Excavation, ජේම්ස් රොලින්ස්",292,Colombo,70,18,143.12,105.504,High Demand
REAL-110,භ්‍රාන්තිය (Bhranthiya),දිමුතු රුවන්,නවකතා (Novel),1450,978-624-6570-59-0,/images/books/bhranthiya.jpg,TRUE,310,4.2,"භ්‍රාන්තිය, Bhranthiya, දිමුතු රුවන්",229,Colombo,65,13,123.1,94.42,High Demand
REAL-111,මරකත ඵලකය,නෙතිඳු වරාපිටිය,නවකතා (Novel),1850,978-624-5579-60-0,/images/books/marakata_walakaya.jpg,TRUE,580,4.7,"මරකත ඵලකය, මරකත පිළිලය 2, නෙතිඳු වරාපිටිය",220,Kandy,33,5,118.4,102.98,High Demand
REAL-112,Lifeline,දූපතේ ජීවිතේ,සෞම්‍ය සඳරුවන් ලියනගේ,තීරු ලිපි,800,978-624-5579-87-7,/images/books/lifeline.jpg,TRUE,145,4,56,Galle,29,8,1477.23,1751.366,High Demand
REAL-113,ගුප්ත (Guptha),භද්‍රජි මහින්ද ජයතිලක,ප්‍රබන්ධ (Fiction),450,978-955-3727-42-8,/images/books/guptha.jpg,TRUE,420,4.6,"ගුප්ත, Guptha, භද්‍රජි මහින්ද ජයතිලක",92,Colombo,72,3,83,74.2,Moderate Demand
REAL-114,ඔහුගේ මතක හද රැඳේ...,කොලීන් හූවර්,පරිවර්තන,1950,978-624-6570-10-1,/images/books/reminders_of_him.jpg,TRUE,950,4.9,"Reminders of Him, කොලීන් හූවර්",77,Galle,67,11,114.9,96.38,High Demand
REAL-115,නොක්නරී අඳුරු සෙවණැලි,ටානා ෆ්‍රෙන්ච්,පරිවර්තන,2450,978-624-5579-77-8,/images/books/in_the_woods.jpg,TRUE,645,4.8,"නොක්නරී අඳුරු සෙවණැලි, In the Woods, ටානා ෆ්‍රෙන්ච්",274,Kandy,77,6,134.15,109.83,High Demand
REAL-116,මරකත නිම්නය - මරකත පිළිලය 3,නෙතිඳු වරාපිටිය,නවකතා,1850,978-624-6570-12-5,/images/books/marakata_nimanaya.jpg,TRUE,512,4.7,"මරකත නිම්නය, නෙතිඳු වරාපිටිය",117,Colombo,20,2,89.76,85.692,High Demand
REAL-117,මරකත පිළිලය (Marakatha Pililaya),නෙතිඳු වරාපිටිය,නවකතා,1500,978-624-5579-04-4,/images/books/marakatha_pililaya.jpg,TRUE,890,4.6,"මරකත පිළිලය, Marakatha Pililaya, නෙතිඳු වරාපිටිය",106,Colombo,69,23,139.9,104.68,High Demand
REAL-118,රාවණ් ලියෝ (Ravan Leo),ප්‍රදීප් රත්නායක,නවකතා,1100,978-624-5579-05-1,/images/books/ravan_leo.jpg,TRUE,340,4.3,"රාවණ් ලියෝ, Ravan Leo, ප්‍රදීප් රත්නායක",103,Kandy,17,20,113.8,89.16,High Demand
REAL-119,සොල්ට්මාෂ් අබිරහස,එලී ග්‍රිෆිත්ස්,පරිවර්තන,1900,978-624-5579-43-3,/images/books/soltmash_abirahasa.jpg,TRUE,720,4.5,"සොල්ට්මාෂ් අබිරහස, Elly Griffiths",287,Colombo,7,21,166,129,High Demand
REAL-120,1925 (Once Upon a Time in Ceylon),ඉමේෂ් මධුශංක යාපා,නවකතා (Novel),1850,978-955-3727-66-4,/images/books/1925_ceylon.jpg,TRUE,450,4.6,"1925, Once Upon a Time in Ceylon, ඉමේෂ් මධුශංක යාපා",83,Kandy,28,30,136.1,99.72,High Demand
REAL-121,1932 (Under the Shades of Himalayas),ඉමේෂ් මධුශංක යාපා,නවකතා,1850,978-624-5579-54-9,/images/books/1932_himalayas.jpg,TRUE,520,4.7,"1932, Under the Shades of Himalayas",251,Kandy,73,27,166.8,119.36,High Demand
REAL-122,පෙට් සෙමෙට්‍රි (Pet Sematary),ස්ටීවන් කිං,පරිවර්තන,2450,978-955-3727-49-7,/images/books/pet_sematary.jpg,TRUE,890,4.9,"පෙට් සෙමෙට්‍රි, Pet Sematary, ස්ටීවන් කිං",102,Colombo,15,9,114.1,101.92,High Demand
REAL-123,නිමාවක නිල් පැය (The Blue Hour),පෝලා හෝකින්ස්,පරිවර්තන,2000,978-624-6570-32-3,/images/books/the_blue_hour.jpg,TRUE,760,4.5,"නිමාවක නිල් පැය, The Blue Hour, පෝලා හෝකින්ස්",148,Galle,33,22,141.4,108.78,High Demand
REAL-124,සිතුවමක රැඳි රහසක් (Hidden Pictures),ජේසන් රෙකුලැක්,පරිවර්තන,1850,978-624-6570-06-4,/images/books/hidden_pictures.jpg,TRUE,610,4.6,"සිතුවමක රැඳි රහසක්, Hidden Pictures, ජේසන් රෙකුලැක්",112,Colombo,31,6,98.7,88.44,High Demand
REAL-125,අත්ලාන්තික් දඩයම (The Hunt for Atlantis),ඇන්ඩි මැක්ඩර්මොට්,පරිවර්තන,1900,978-624-5579-21-1,/images/books/the_hunt_for_atlantis.jpg,TRUE,530,4.6,"අත්ලාන්තික් දඩයම, The Hunt for Atlantis",138,Kandy,6,5,99.5,91.7,High Demand
REAL-126,ප්ලාන්ටේෂන් (The Plantation),ක්‍රිස් කුස්නෙස්කි,පරිවර්තන,1850,978-955-3727-63-3,/images/books/the_plantation.jpg,TRUE,420,4.5,"ප්ලාන්ටේෂන්, The Plantation, ක්‍රිස් කුස්නෙස්කි",162,Colombo,28,29,148,108,High Demand
REAL-127,ඩීප් ෆැතම් (Deep Fathom),ජේම්ස් රොලින්ස්,පරිවර්තන,2300,978-624-5579-93-8,/images/books/deep_fathom.jpg,TRUE,680,4.8,"ඩීප් ෆැතම්, Deep Fathom, ජේම්ස් රොලින්ස්",29,Galle,80,28,130.2,93.74,High Demand
REAL-128,ඒදන් උයනේ අල්තාරය (Altar of Eden),ජේම්ස් රොලින්ස්,පරිවර්තන,1980,978-624-5579-10-5,/images/books/altar_of_eden.jpg,TRUE,715,4.7,"ඒදන් උයනේ අල්තාරය, Altar of Eden, ජේම්ස් රොලින්ස්",272,Colombo,16,24,170.85,130.67,High Demand
REAL-129,දිනපොතේ ඝාතකයා (The Murder List),ජැකී කේබ්ලර්,පරිවර්තන,2050,978-624-5663-53-8,/images/books/the_murder_list.jpg,TRUE,590,4.4,"දිනපොතේ ඝාතකයා, The Murder List",98,Kandy,44,28,137.3,99.86,High Demand
REAL-130,වනාන්තරයේ අපූරු සෙල්ලම,ආර්. එල්. ස්ටයින්,පරිවර්තන,280,978-955-8786-32-1,/images/books/hes_a_real_animal.jpg,TRUE,310,4.3,"වනාන්තරයේ අපූරු සෙල්ලම, He's A Real Animal, Goosebumps",124,Galle,60,14,105.1,82.22,High Demand
REAL-131,හිරු නොදුටුවෙමු (Hiru Nodutuwemu),ඉන්ද්‍රාණි කරුණාරත්න,පරිවර්තන,490,978-955-0171-47-7,/images/books/hiru_nodutuwemu.jpg,TRUE,210,4.2,"හිරු නොදුටුවෙමු, Hiru Nodutuwemu",276,Colombo,48,10,123.5,97.7,High Demand
REAL-132,මායා රූපය (Maya Roopaya),එදිරිවීර සරච්චන්ද්‍ර,නවකතා (Novel),0,955-569-284-X,/images/books/maya_roopaya.jpg,TRUE,845,4.9,"මායා රූපය, Maya Roopaya, එදිරිවීර සරච්චන්ද්‍ර",54,Kandy,17,19,123.15,101.83,High Demand
REAL-133,බාලේ සිට යෞවනයට,ලියෝ තෝල්ස්තෝයි,පරිවර්තන,0,978-955-31-0979-8,/images/books/childhood_boyhood_youth.jpg,TRUE,340,4.6,"බාලේ සිට යෞවනයට, Childhood Boyhood Youth, ලියෝ තෝල්ස්තෝයි",62,Kandy,78,1,70.6,65.72,Moderate Demand
REAL-134,අකලට ආ ඉස්කෝලේ,ගුණසේකර ගුණසෝම,යොවුන් නවකතා,580,978-955-656-362-7,/images/books/akalata_aa_iskole.jpg,TRUE,425,4.5,"අකලට ආ ඉස්කෝලේ, Akalata Aa Iskole, ගුණසේකර ගුණසෝම",152,Kandy,66,28,144.15,102.13,High Demand
REAL-135,හැරී පොටර් සහ මායා ගල,ජේ. කේ. රෝලිං,පරිවර්තන,550,955-573-484-4,/images/books/harry_potter_1.jpg,TRUE,1250,4.9,"හැරී පොටර්, Harry Potter, මායා ගල, J.K. Rowling",199,Kandy,15,22,170.3,135.26,High Demand
REAL-136,සැරිසර මිතුරියෝ,ලෝරා ලී හෝප්,පරිවර්තන,375,978-955-4807-02-0,/images/books/the_outdoor_girls.jpg,TRUE,280,4.3,"සැරිසර මිතුරියෝ, The Outdoor Girls of Deepdale",43,Colombo,48,5,70,64.1,Moderate Demand
REAL-137,ඈන් - 3 (Anne of the Island),එල්. එම්. මොන්ට්ගොමරි,පරිවර්තන,400,978-955-686-124-2,/images/books/anne_of_the_island.jpg,TRUE,850,4.8,"ඈන් 3, Anne 3, Anne of the Island, එල්. එම්. මොන්ට්ගොමරි",236,Kandy,33,28,176.7,131.84,High Demand
REAL-138,එකම කැදැල්ලක (Homecoming),එල්සා පොසෙල්,පරිවර්තන,450,978-955-691-098-8,/images/books/homecoming.jpg,TRUE,310,4.4,"එකම කැදැල්ලක, Homecoming, එල්සා පොසෙල්",268,Colombo,74,26,158.9,111.78,High Demand
REAL-139,තැනිතලා රෝස මල,රොජර් ලී මැක්බ්‍රයිඩ්,පරිවර්තන,325,978-955-570-712-1,/images/books/thanivela_rosa_mala.jpg,TRUE,420,4.5,"තනිවෙලා රෝස මල, Thanivela Rosa Mala",280,Galle,37,29,171.6,123.62,High Demand
REAL-140,අරුණැල්ල (New Dawn on Rocky Ridge),රොජර් ලී මැක්බ්‍රයිඩ්,පරිවර්තන,400,978-955-570-750-3,/images/books/new_dawn_on_rocky_ridge.jpg,TRUE,380,4.6,"අරුණැල්ල, New Dawn on Rocky Ridge",192,Kandy,16,15,125.8,102.36,High Demand
REAL-141,නවෝදය (On the Banks of the Bayou),රොජර් ලී මැක්බ්‍රයිඩ්,පරිවර්තන,290,978-955-570-789-3,/images/books/on_the_banks_of_the_bayou.jpg,TRUE,415,4.5,"නවෝදය, Navodaya, On the Banks of the Bayou",286,Galle,19,8,130.65,109.33,High Demand
REAL-142,රික්ටර් 10 (Richter 10),ආතර් සී. ක්ලාක් සහ මයික් මැක්වේ,විද්‍යා ප්‍රබන්ධ,600,978-955-1080-15-0,/images/books/richter_10.jpg,TRUE,780,4.9,"රික්ටර් 10, Richter 10, ආතර් සී. ක්ලාක්",155,Kandy,42,6,115.4,101.38,High Demand
REAL-143,පෘථිවි අධිරාජ්‍යය (Imperial Earth),ආතර් සී. ක්ලාක්,විද්‍යා ප්‍රබන්ධ,400,978-955-1080-22-8,/images/books/imperial_earth.jpg,TRUE,620,4.6,"පෘථිවි අධිරාජ්‍යය, Imperial Earth, ආතර් සී. ක්ලාක්",49,Colombo,48,13,100.4,83.78,High Demand
REAL-144,අවසන් සිද්ධාන්තය (The Last Theorem),ආතර් සී. ක්ලාක් සහ ෆ්‍රෙඩ්රික් පෝල්,විද්‍යා ප්‍රබන්ධ,0,978-955-1080-10-5,/images/books/the_last_theorem.jpg,TRUE,510,4.5,"අවසන් සිද්ධාන්තය, The Last Theorem, ආතර් සී. ක්ලාක්",195,Colombo,44,20,139.3,106.16,High Demand
REAL-145,චන්ද්‍ර ගවේෂකයෝ (A Fall of Moondust),ආතර් සී. ක්ලාක්,විද්‍යා ප්‍රබන්ධ,0,978-955-1080-11-2,/images/books/a_fall_of_moondust.jpg,TRUE,780,4.8,"චන්ද්‍ර ගවේෂකයෝ, A Fall of Moondust",82,Galle,54,24,135.8,103.16,High Demand
REAL-146,ඉර හඳ තරු මැද (Of Time and Stars),ආතර් සී. ක්ලාක්,විද්‍යා ප්‍රබන්ධ,0,978-955-1080-12-9,/images/books/of_time_and_stars.jpg,TRUE,450,4.7,"ඉර හඳ තරු මැද, Of Time and Stars",129,Colombo,23,27,140.3,105.46,High Demand
REAL-147,අඟහරු මිනිසා (The Martian),ඇන්ඩි වියර්,විද්‍යා ප්‍රබන්ධ,650,978-955-1080-31-0,/images/books/the_martian.jpg,TRUE,1120,4.9,"අඟහරු මිනිසා, The Martian, ඇන්ඩි වියර්",232,Galle,15,1,131,119.7,High Demand
REAL-148,බැද්දේගම (Baddegama),ලෙනාර්ඩ් වුල්ෆ්,පරිවර්තන,350,955-21-0033-X,/images/books/baddegama.jpg,TRUE,920,4.9,"බැද්දේගම, Baddegama, The Village in the Jungle",293,Colombo,55,9,153.2,125.44,High Demand
REAL-149,මර්ලින්: මකර ආමන්ත්‍රණය,ජොනී කැප්ස්,පරිවර්තන,150,978-955-676-764-3,/images/books/merlin_makara_amanthranaya.jpg,TRUE,450,4.5,"මර්ලින්, Merlin, මකර ආමන්ත්‍රණය",51,Kandy,73,16,100.7,78.34,Moderate Demand
REAL-150,මර්ලින්: මකරාගේ ඇමතුම,සුදත් රොහාන් (පරිවර්තනය),පරිවර්තන,150,N/A,/images/books/merlin_makarage_amathuma.jpg,TRUE,310,4.3,"මර්ලින්, Merlin, මකරාගේ ඇමතුම",113,Galle,46,23,120.9,89.28,High Demand
REAL-151,මර්ලින්: සැබෑ වීරයා,ජොනී කැප්ස්,පරිවර්තන,150,978-955-676-789-6,/images/books/merlin_saba_weeraya.jpg,TRUE,380,4.6,"මර්ලින්, Merlin, සැබෑ වීරයා, Saba Weeraya",144,Colombo,52,14,114.2,91.24,High Demand
REAL-152,අපූරු ඉස්කෝලේ හිම මිදෙන කාලේ,සුදත් රොහාන් (පරිවර්තනය),පරිවර්තන,500,955-9144-51-0,/images/books/apura_iskole_hima_midena_kale.jpg,TRUE,270,4.4,"අපූරු ඉස්කෝලේ, Apura Iskole",32,Galle,43,20,98.5,76,Moderate Demand
REAL-153,අපූරු ඉස්කෝලේ දෙවැනි වාරය,ඊනිඩ් බ්ලයිටන්,පරිවර්තන,500,955-9144-72-3,/images/books/apura_iskole_dewani_waraya.jpg,TRUE,560,4.7,"අපූරු ඉස්කෝලේ දෙවැනි වාරය, Apura Iskole Dewani Waraya",146,Kandy,32,13,119,98.6,High Demand
REAL-154,සුන්දර නවාතැන (Sundara Nawathena),අනුලා ද සිල්වා,නවකතා (Novel),250,978-955-30-3666-7,/images/books/sundara_nawathena.jpg,TRUE,310,4.6,"සුන්දර නවාතැන, Sundara Nawathena",54,Colombo,52,22,110.1,83.22,High Demand
REAL-155,ඇනකොන්ඩා (Anaconda),දිස්නා වීරවර්ධන,ප්‍රබන්ධ (Fiction),500,N/A,/images/books/anaconda.jpg,TRUE,425,4.2,"ඇනකොන්ඩා, Anaconda, දිස්නා වීරවර්ධන",127,Kandy,43,20,120.15,90.93,High Demand
REAL-156,මඩොල් දූව (Madol Doova),මාර්ටින් වික්‍රමසිංහ,යොවුන් නවකතා,500,955-8415-09-X,/images/books/madol_doova.jpg,TRUE,1450,4.9,"මඩොල් දූව, Madol Doova, මාර්ටින් වික්‍රමසිංහ",208,Colombo,31,17,168.1,136.12,High Demand
REAL-157,වනගත කොල්ලා (Wanagata Kolla),පී. එම්. නිහාල් කුමාර,ළමා කතා,120,978-955-655-292-8,/images/books/wanagata_kolla.jpg,TRUE,280,4.5,"වනගත කොල්ලා, Wanagata Kolla",172,Colombo,37,12,111.8,91.26,High Demand
REAL-158,මානව යුග තරණය,චරන්ද ශ්‍රී අමිල් වහගමගේ,නවකතා (Novel),500,978-955-98941-2-4,/images/books/manawa_yuga_tharanaya.jpg,TRUE,195,4.4,"මානව යුග තරණය, Manawa Yuga Tharanaya",156,Kandy,65,19,119.05,88.41,High Demand
REAL-159,හිස නැති අවතාරය,තේජා පූර්ණිමා ගුණසේකර,ළමා කතා,250,978-955-655-928-6,/images/books/hisa_nathi_awatharaya.jpg,TRUE,210,4.3,"හිස නැති අවතාරය, Hisa Nathi Awatharaya",120,Galle,26,19,111.3,86.46,High Demand
REAL-160,බිහිසුණු මුහුදු ගමන,සමන් පුෂ්පා ගුණසේකර,ළමා කතා,250,N/A,/images/books/bihisunu_muhudu_gamana.jpg,TRUE,185,4.1,"බිහිසුණු මුහුදු ගමන, Bihisunu Muhudu Gamana",179,Galle,18,1,84.35,78.07,Moderate Demand
REAL-161,දික්තල කාලගෝල (Diktala Kalagola),පුණ්‍යසේන ගුණසිංහ,නාට්‍ය (Drama),250,978-955-9377-71-9,/images/books/diktala_kalagola.jpg,TRUE,340,4.6,"දික්තල කාලගෝල, Diktala Kalagola",191,Galle,14,26,146.4,110.18,High Demand
REAL-162,සෙල්ලම් ලෙල්ලම් (Sellam Lellam),අමිතා රබ්බිදිගල,ළමා නාට්‍ය,100,978-955-30-1659-1,/images/books/sellam_lellam.jpg,TRUE,180,4.3,"සෙල්ලම් ලෙල්ලම්, Sellam Lellam",107,Galle,41,30,129.8,91.16,High Demand
REAL-163,විකෘති (Vikurthi),සෝමලතා සුබසිංහ,නාට්‍ය (Drama),300,978-955-428-430-2,/images/books/vikurthi.jpg,TRUE,620,4.8,"විකෘති, Vikurthi, සෝමලතා සුබසිංහ",162,Galle,33,1,101,93.9,High Demand
REAL-164,මැයි මාර ප්‍රසංගය,මහින්ද ප්‍රසාද් මසිඹුල,නවකතා (Novel),700,978-624-5594-25-2,/images/books/maei_mara_prasangaya.jpg,TRUE,650,4.8,"මැයි මාර ප්‍රසංගය, Maei Mara Prasangaya",133,Colombo,9,1,96.1,93.02,High Demand
REAL-165,වශී මන්ත්‍රයක් (Washi Manthrayak),ආශි ජයතිලක,නවකතා (Novel),2750,978-624-6647-07-0,/images/books/washi_manthrayak.jpg,TRUE,320,4.5,"වශී මන්ත්‍රයක්, Washi Manthrayak",269,Kandy,11,30,168.4,122.88,High Demand
REAL-166,පිවිතුරුය කඩුපුල්,චාමී තියඹරහේනේ ගෙදර,නවකතා (Novel),1750,978-624-5649-12-9,/images/books/piwithuruya_kadupul.jpg,TRUE,410,4.6,"පිවිතුරුය කඩුපුල්, Piwithuruya Kadupul",209,Colombo,80,16,132.1,99.92,High Demand
REAL-167,පොඩි ජෙනරාල් (Podi Jenaral),සරත් මුණසිංහ ආරච්චි,නවකතා (Novel),750,978-624-2000-95-4,/images/books/podi_jenaral.jpg,TRUE,280,4.4,"පොඩි ජෙනරාල්, Podi Jenaral",95,Galle,57,26,123.4,88.48,High Demand
REAL-168,රුදුරු විලෝපිකයා (Ruduru Vilopikaya),මනෝජ් රත්නායක,පරිවර්තන,500,978-624-6830-48-9,/images/books/ruduru_vilopikaya.jpg,TRUE,560,4.7,"රුදුරු විලෝපිකයා, Ruduru Vilopikaya",146,Galle,22,11,115,98,High Demand
REAL-169,කඩවර (Kadawara),අපූර්ව මන්දාරමි,නවකතා (Novel),2800,978-624-6871-01-7,/images/books/kadawara.jpg,TRUE,890,4.9,"කඩවර, Kadawara, අපූර්ව මන්දාරමි",274,Kandy,66,14,158.5,124.9,High Demand
REAL-170,ආදරණීය නීලා (Adaraneeya Neela),සාගර සිරිසූරිය,නවකතා (Novel),650,978-955-3136-28-2,/images/books/adaraneeya_neela.jpg,TRUE,430,4.5,"ආදරණීය නීලා, Adaraneeya Neela",160,Colombo,64,5,99.9,85.18,High Demand
REAL-171,රහසක් (Rahasak - His & Hers),ඇලිස් ෆීනී,පරිවර්තන,0,978-624-6570-66-8,/images/books/rahasak.jpg,FALSE,710,4.8,"රහසක්, Rahasak, His & Hers, ඇලිස් ෆීනී",64,Colombo,69,26,134.1,98.92,High Demand
REAL-172,රොක් පේපර් සිසර්ස් (Rock Paper Scissors),ඇලිස් ෆීනී,පරිවර්තන,1650,978-624-6570-04-0,/images/books/rock_paper_scissors.jpg,TRUE,940,4.9,"රොක් පේපර් සිසර්ස්, Rock Paper Scissors",190,Galle,22,19,153.2,122.84,High Demand
REAL-173,ලෝටස් (Lotus),සෞම්‍ය සඳරුවන් ලියනගේ,නවකතා (Novel),1200,978-624-6570-57-6,/images/books/lotus.jpg,TRUE,520,4.7,"ලෝටස්, Lotus, සෞම්‍ය සඳරුවන් ලියනගේ",82,Colombo,24,28,135,101.4,High Demand
REAL-174,ප්‍රේමයේ විල්තෙරේ (Premaye Wilthere - Normal People),සාලි රූනි - පරි. මේධාවී දික්මාදුගොඩ,"Literary Fiction, Translation",1850,978-624-6570-22-4,/images/books/premaye_wilthere.jpg,TRUE,845,4.8,"ප්‍රේමයේ විල්තෙරේ, Normal People, Sally Rooney, Medhavi Dickmadugoda",204,Kandy,67,26,166.15,122.23,High Demand
REAL-175,නෙවර් ලයි (Never Lie),ෆ්‍රීඩා මැක්ෆැඩන් - පරි. තරුෂි නිරංගා ජයසිංහ,"Thriller, Translation",1850,978-624-6570-46-0,/images/books/never_lie.jpg,FALSE,1205,4.9,"නෙවර් ලයි, Never Lie, Freida McFadden",275,Colombo,11,2,144.15,129.13,High Demand
REAL-176,අදිසි අනතුර (Adisi Anathura - The Crash),ෆ්‍රීඩා මැක්ෆැඩන් - පරි. නයනතාරා පිලපිටිය,"Thriller, Translation",1850,978-624-6570-48-4,/images/books/adisi_anathura.jpg,TRUE,930,4.7,"අදිසි අනතුර, The Crash, Freida McFadden",237,Colombo,54,6,134.3,113.16,High Demand
REAL-177,මහා ඝාතනය (Maha Ghathanaya),සේපාලි මායාදුන්නේ,"Novel, Thriller, Crime",1950,978-624-6570-37-8,/images/books/maha_ghathanaya.jpg,TRUE,410,4.5,"මහා ඝාතනය, Maha Ghathanaya, සේපාලි මායාදුන්නේ",290,Kandy,39,12,139.3,110.96,High Demand
REAL-178,ඇරඹුමක නැවතුම (Arambumaka Newathuma - It Ends With Us),කොලීන් හූවර් - පරි. හංසි මේධ්‍යා විජේකෝන්,"Romance, Translation",2000,978-624-5579-84-6,/images/books/arambumaka_newathuma.jpg,TRUE,1540,4.9,"ඇරඹුමක නැවතුම, It Ends With Us, Colleen Hoover",124,Colombo,78,21,162,125.2,High Demand
REAL-179,සදාදරණීය කැමිලියා (Sadaadaraniya Kemiliya),ගෙත්මිණි ප්‍රියංවදා වැලිකල,"Mystery, Novel",1650,978-624-6570-43-9,/images/books/sadaadaraniya_kemiliya.jpg,TRUE,520,4.6,"සදාදරණීය කැමිලියා, Gethmini Priyanvada Welikala",46,Galle,41,5,80.8,75.06,Moderate Demand
REAL-180,කසාදේ (Kasado),මදාරා අබේසිංහ,"Thriller, Translation",2000,978-624-6570-44-6,/images/books/kasado.jpg,TRUE,680,4.7,"කසාදේ, Kasado, මදාරා අබේසිංහ",78,Galle,46,23,129,98.8,High Demand
REAL-181,ආලෝකයේ සමිඳාණෝ (Alokaye Samindano - Lord of Light),රොජර් සෙලාස්නි - පරි. පුෂ්ප රංජන් විජේසිංහ,"Sci-Fi, Translation",1850,978-624-6570-11-8,/images/books/alokaye_samindano.jpg,TRUE,890,4.8,"ආලෝකයේ සමිඳාණෝ, Lord of Light, Roger Zelazny",101,Kandy,46,19,132.9,105.48,High Demand
REAL-182,හර්කියුලිස්ගේ සොහොන (Herculasge Sohona - The Tomb of Hercules),ඇන්ඩි මැක්ඩර්මොට් - පරි. මංජුල දිසානායක,"Thriller, Translation",2200,978-624-6570-23-1,/images/books/herculasge_sohona.jpg,TRUE,750,4.7,"හර්කියුලිස්ගේ සොහොන, The Tomb of Hercules, Andy McDermott",49,Kandy,51,24,127.3,96.86,High Demand
REAL-183,Uprooted (ගම්පෙරළිය ඉංග්‍රීසි පරිවර්තනය),මාර්ටින් වික්‍රමසිංහ - පරි. ලක්ෂ්මි ද සිල්වා,Translation,765,978-955-695-006-9,/images/books/uprooted_gamperaliya.jpg,TRUE,520,4.8,"Uprooted, Gamperaliya English, මාර්ටින් වික්‍රමසිංහ",185,Kandy,52,2,104.6,93.42,High Demand
REAL-184,යුගාන්තය (Yuganthaya),මාර්ටින් වික්‍රමසිංහ,නවකතා (Novel),765,978-955-020-137-2,/images/books/yuganthaya.jpg,TRUE,890,4.9,"යුගාන්තය, Yuganthaya, මාර්ටින් වික්‍රමසිංහ",290,Kandy,19,15,163.7,132.64,High Demand
REAL-185,යක්ෂයා නොනිදයි (Yakshaya Nonidae - The Devil Never Sleeps),පර්ල් එස්. බක් - පරි. ඒ. දයානන්ද සිල්වා,Translation,297.5,978-955-889-214-5,/images/books/yakshaya_nonidae.jpg,FALSE,310,4.5,"යක්ෂයා නොනිදයි, The Devil Never Sleeps, Pearl S. Buck",89,Galle,12,23,118.1,91.72,High Demand
REAL-186,කලියුගය (Kaliyugaya),මාර්ටින් වික්‍රමසිංහ,නවකතා (Novel),765,978-955-020-138-9,/images/books/kaliyugaya.jpg,TRUE,810,4.8,"කලියුගය, Kaliyugaya, මාර්ටින් වික්‍රමසිංහ",47,Galle,37,28,137.7,103.94,High Demand
REAL-187,අපේ ගම (Ape Gama),මාර්ටින් වික්‍රමසිංහ,නවකතා (Novel),212.5,978-955-020-158-7,/images/books/ape_gama.jpg,FALSE,1250,4.9,"අපේ ගම, Ape Gama, මාර්ටින් වික්‍රමසිංහ",237,Galle,14,29,191.9,146.28,High Demand
REAL-188,බිල්ලා සහ අපූරු මුහුණ (Billa Saha Apuru Muhuna),මාර්ටින් වික්‍රමසිංහ,ළමා කතා,382.5,978-955-020-148-8,/images/books/billa_saha_apuru_muhuna.jpg,TRUE,420,4.6,"බිල්ලා සහ අපූරු මුහුණ, Billa Saha Apuru Muhuna",128,Kandy,14,27,138.2,104.24,High Demand
REAL-189,ක්ෂීරපායි සත්තු (Sheerapai Saththu),මාර්ටින් වික්‍රමසිංහ,ළමා කතා,127.5,978-955-695-045-8,/images/books/sheerapai_saththu.jpg,FALSE,280,4.4,"ක්ෂීරපායි සත්තු, Sheerapai Saththu",66,Colombo,40,12,89.6,74.92,Moderate Demand
REAL-190,උන්මාද චිත්‍රා (Unmada Chithra),මාර්ටින් වික්‍රමසිංහ,ළමා කතා,148.75,978-955-020-165-5,/images/books/unmada_chithra.jpg,TRUE,650,4.7,"උන්මාද චිත්‍රා, Unmada Chithra",80,Kandy,66,13,108.5,88.3,High Demand
REAL-191,අමාවක හස (Amawaka Hasa),ලිවර්සැක්,නවකතා (Novel),1680,978-624-641-739-0,/images/books/amawaka_hasa.jpg,TRUE,490,4.8,"අමාවක හස, Amawaka Hasa, ලිවර්සැක්",250,Kandy,23,24,160.7,122.24,High Demand
REAL-192,කස්තුරි සුවඳ (Kasthuri Suwada),ලිවර්සැක්,නවකතා (Novel),2800,978-624-6417-25-3,/images/books/kasthuri_suwada.jpg,FALSE,680,4.8,"කස්තුරි සුවඳ, Kasthuri Suwada, ලිවර්සැක්",277,Kandy,65,15,153.8,119.56,High Demand
REAL-193,සෙංකොට්ටං (Senkottan),මහින්ද ප්‍රසාද් මසිඹුල,නවකතා (Novel),720,978-955-098-000-0,/images/books/senkottan.jpg,TRUE,1850,4.9,"සෙංකොට්ටං, Senkottan, මහින්ද ප්‍රසාද් මසිඹුල",218,Galle,20,10,168.1,143.42,High Demand
REAL-194,මාණික්කාවත (Manikkawatha),මහින්ද ප්‍රසාද් මසිඹුල,නවකතා (Novel),720,978-955-098-023-9,/images/books/manikkawatha.jpg,TRUE,1520,4.9,"මාණික්කාවත, Manikkawatha, මහින්ද ප්‍රසාද් මසිඹුල",71,Galle,60,18,144.8,116.66,High Demand
REAL-195,ඇහි පියන් ඇහැරිලා (Ahi Piyan Aharila),මහින්ද ප්‍රසාද් මසිඹුල,කාව්‍ය (Poetry),360,978-955-098-003-1,/images/books/ahi_piyan_aharila.jpg,TRUE,890,4.8,"ඇහි පියන් ඇහැරිලා, Ahi Piyan Aharila",29,Galle,57,12,104.5,88.7,High Demand
REAL-196,ගන්දර කලපුව (Gandara Kalapuwa),භද්‍රජී මහින්ද ජයතිලක,නවකතා (Novel),1040,978-624-557-290-8,/images/books/gandara_kalapuwa.jpg,TRUE,640,4.7,"ගන්දර කලපුව, Gandara Kalapuwa, භද්‍රජී මහින්ද ජයතිලක",273,Kandy,13,17,154.8,123.56,High Demand
REAL-197,විභාග ජය ගැනීමේ රහස (Vibhaga Jaya Ganeeme Rahasa),ප්‍රවීන් රන්දෙනිය,Educational,1160,978-624-97120-5-0,/images/books/vibhaga_jaya_ganeeme_rahasa.jpg,TRUE,890,4.9,"විභාග ජය ගැනීමේ රහස, Praveen Randeniya",67,Colombo,39,11,111.1,96.22,High Demand
REAL-198,එන්කවුන්ටර් (Encounter),අංජන දුෂ්‍යන්ත,Novel,2000,978-624-6743-49-9,/images/books/encounter.jpg,TRUE,450,4.7,"එන්කවුන්ටර්, Encounter, අංජන දුෂ්‍යන්ත",63,Galle,31,18,109.1,88.22,High Demand
REAL-199,දවල් හීන (Dawal Heena),රුවන් ප්‍රදීප් රත්නායක,Novel,1000,978-624-9267-10-7,/images/books/dawal_heena.jpg,TRUE,310,4.5,"දවල් හීන, Dawal Heena, රුවන් ප්‍රදීප් රත්නායක",274,Galle,49,9,127.1,102.72,High Demand
REAL-200,ප්‍රින්ස් ඔෆ් පර්සියා - කාලයේ වැලි බඳුන,සුදර්ශන එස්. දයානන්ද,"Translation, Fantasy",600,978-624-5804-58-1,/images/books/prince_of_persia.jpg,TRUE,780,4.8,"Prince of Persia, The Sands of Time",226,Colombo,44,19,154.6,120.32,High Demand
REAL-201,ඉතිහාසයේ නොවිසඳුණු අභිරහස් - 1,ඩිලාන් ඩී. ප්‍රසංග,History,960,978-624-5568-88-8,/images/books/itihasaye_nowisadunu_abhirahas_1.jpg,FALSE,1250,4.9,"ඉතිහාසයේ නොවිසඳුණු අභිරහස්, History",225,Galle,73,17,165.5,129.1,High Demand
REAL-202,ඩයිනෝසර භීෂණය (Jurassic World),ටෙස් ෂාප් - පරි. සුදත් රොහාන්,Translation,800,978-624-5869-93-2,/images/books/dinosaur_beeshanaya.jpg,TRUE,520,4.7,"ඩයිනෝසර භීෂණය, Jurassic World, Tess Sharpe",153,Galle,57,1,95.2,86.44,High Demand
REAL-203,සිරගත කළ මරණය සහ තවත් කථා,එඩ්ගාර් ඇලන් පෝ - පරි. සුදර්ශන එස්. දයානන්ද,Translation,600,978-624-5804-06-4,/images/books/siragatha_kala_maranaya.jpg,FALSE,890,4.8,"සිරගත කළ මරණය, Edgar Allan Poe",270,Galle,26,20,168.7,131.94,High Demand
REAL-204,දෙවන ලෝක යුද්ධයේ නාසි අභිරහස්,ඩිලාන් ඩී. ප්‍රසංග,History,800,978-624-5569-59-5,/images/books/devana_loka_yuddaye_nasi_abhirahas.jpg,TRUE,1120,4.9,"දෙවන ලෝක යුද්ධයේ නාසි අභිරහස්, WW2",150,Galle,16,28,168.6,129.72,High Demand
REAL-205,රාවණා විජය මිථ්‍යාවන්ද?,විජය දිසානායක,"History, Mythology",1200,978-624-5869-92-5,/images/books/rawana_wijaya_mithyawanda.jpg,TRUE,760,4.6,"රාවණා විජය මිථ්‍යාවන්ද, Ravana",281,Colombo,19,24,173,131.6,High Demand
REAL-206,මව්බිමේ සන්ධ්‍යාව (Mawbime Sandhyawa),කාශ්‍යප සත්‍යප්‍රිය ද සිල්වා,Novel,480,978-624-4866-00-8,/images/books/mawbime_sandhyawa.jpg,TRUE,310,4.4,"මව්බිමේ සන්ධ්‍යාව, Mawbime Sandhyawa",263,Kandy,37,30,165.9,117.98,High Demand
REAL-207,නිදිකුමාරිට නින්ද නෑ (Nidi Kumarita Ninda Na),අසංක රුවන් සාගර,නවකතා (Novel),400,978-955-4659-90-1,/images/books/nidi_kumarita_ninda_na.jpg,TRUE,210,4.5,"නිදිකුමාරිට නින්ද නෑ, Nidi Kumarita Ninda Na",296,Colombo,35,3,116.5,99.8,High Demand
REAL-208,තුන්හිරියා (Thunhiriya),ප්‍රේමකීර්ති රණතුංග,නවකතා (Novel),1120,978-955-5459-53-2,/images/books/thunhiriya.jpg,TRUE,680,4.8,"තුන්හිරියා, Thunhiriya, ප්‍රේමකීර්ති රණතුංග",286,Kandy,49,30,185.6,134.42,High Demand
REAL-209,සිඳු රළ මැද මා (Sindhu Rala Meda Ma),වසවදත්තා දේශප්‍රිය,නවකතා (Novel),1960,978-624-4850-00-7,/images/books/sindhu_rala_meda_ma.jpg,TRUE,450,4.6,"සිඳු රළ මැද මා, Sindhu Rala Meda Ma",20,Galle,23,1,65.5,68.2,Moderate Demand
REAL-210,නොනිමි නිමේෂයන් (Between Us),දිල්ෂි තත්සරණි,නවකතා (Novel),495,978-955-31-2553-7,/images/books/nonimi_nimeshayan.jpg,FALSE,920,4.9,"නොනිමි නිමේෂයන්, Between Us, දිල්ෂි තත්සරණි",122,Kandy,5,13,127,109.7,High Demand
REAL-211,නෙමේසිස් (Nemesis),අගතා ක්‍රිස්ටි - පරි. ලාල් හේවපතිරණ,පරිවර්තන (Translation),1080,978-955-31-2401-1,/images/books/nemesis.jpg,FALSE,1350,4.9,"නෙමේසිස්, Nemesis, Agatha Christie",97,Kandy,12,24,156.9,125.48,High Demand
REAL-212,වසඟ (Wasanga),කීර්ති වැලිසරගේ,නවකතා (Novel),1080,978-955-31-2800-7,/images/books/wasanga.jpg,TRUE,560,4.7,"වසඟ, Wasanga, කීර්ති වැලිසරගේ",289,Galle,62,14,149.6,116.42,High Demand
REAL-213,ශාන්ති (Shanthi),ශාන්ති දිසානායක,නවකතා (Novel),720,978-955-31-2540-7,/images/books/shanthi.jpg,FALSE,480,4.6,"ශාන්ති, Shanthi, ශාන්ති දිසානායක",50,Colombo,18,20,110.4,88.88,High Demand
REAL-214,ආදරෙමයි පිරුණේ ගැහැනුන්ගේ හිත්වල,සුනිලා විජේසිංහ,නවකතා (Novel),560,978-624-886-591-8,/images/books/adaremai_pirune.jpg,TRUE,340,4.5,ආදරෙමයි පිරුණේ ගැහැනුන්ගේ හිත්වල,160,Galle,56,5,97.2,83.64,High Demand
REAL-215,බුදු සමිඳු දැක ගනිමු (Budu Samidu Daka Ganimu),කිරිබත්ගොඩ ඤාණානන්ද හිමි,බෞද්ධ (Buddhist),810,978-955-8024-95-2,/images/books/budu_samidu_daka_ganimu.jpg,TRUE,890,4.9,"බුදු සමිඳු දැක ගනිමු, Buddhism",30,Kandy,18,15,111.7,96.34,High Demand
REAL-216,චර (Chara),දිල්ශාන් ක්‍රිශාන්ත,නවකතා (Novel),1480,978-624-00-3102-0,/images/books/chara.jpg,TRUE,620,4.7,"චර, Chara, දිල්ශාන් ක්‍රිශාන්ත",235,Galle,22,25,162.6,123.22,High Demand
REAL-217,රන් මකුණා (Ran Makuna - The Gold-Bug),එඩ්ගාර් ඇලන් පෝ - පරි. කේ. ජී. කරුණාතිලක,පරිවර්තන (Translation),550,978-955-551-098-9,/images/books/ran_makuna.jpg,TRUE,420,4.6,"රන් මකුණා, Ran Makuna, The Gold-Bug, එඩ්ගාර් ඇලන් පෝ",242,Kandy,15,28,163,120.9,High Demand
REAL-218,නොදැමුණු ටාසන් (Nodamunu Tarzan),එඩ්ගාර් රයිස් බරෝස් - පරි. කේ. ජී. කරුණාතිලක,පරිවර්තන (Translation),1050,978-955-551-834-6,/images/books/nodamunu_tarzan.jpg,TRUE,610,4.7,"නොදැමුණු ටාසන්, Nodamunu Tarzan, Tarzan the Untamed",193,Galle,7,15,133.9,110.58,High Demand
REAL-219,හැරී පොටර් සහ රහස් කුටිය,ජේ. කේ. රෝලිං - පරි. අභය හේවාවසම්,පරිවර්තන (Translation),1990,978-955-573-623-7,/images/books/harry_potter_2.jpg,TRUE,1850,4.9,"හැරී පොටර්, Harry Potter, රහස් කුටිය, Chamber of Secrets",76,Colombo,77,21,161.7,126.64,High Demand
REAL-220,හැරී පොටර් සහ අස්කබාන්හි සිරකරු,ජේ. කේ. රෝලිං - පරි. අභය හේවාවසම්,පරිවර්තන (Translation),3500,978-955-671-187-5,/images/books/harry_potter_3.jpg,TRUE,2100,4.9,"හැරී පොටර්, Harry Potter, අස්කබාන්හි සිරකරු",97,Galle,65,2,135.4,122.08,High Demand
REAL-221,හැරී පොටර් සහ ෆීනික්ස් නිකාය,ජේ. කේ. රෝලිං - පරි. අභය හේවාවසම්,පරිවර්තන (Translation),3420,978-955-573-951-1,/images/books/harry_potter_5.jpg,TRUE,1950,4.8,"හැරී පොටර්, Harry Potter, ෆීනික්ස් නිකාය",94,Colombo,73,28,181.3,136.56,High Demand
REAL-222,හැරී පොටර් සහ ගිනි කුසලානය,ජේ. කේ. රෝලිං - පරි. අභය හේවාවසම්,පරිවර්තන (Translation),0,N/A,/images/books/harry_potter_4.jpg,TRUE,2200,4.9,"හැරී පොටර්, Harry Potter, ගිනි කුසලානය",31,Galle,22,28,177.2,140.54,High Demand
REAL-223,හේඩීස්ගේ දෙවොල (Hadesge Devola),රික් රයෝර්ඩන් - පරි. රූපේනි මානිංගමුව,යොවුන් නවකතා (Young Adult),2250,978-955-697-343-3,/images/books/hadesge_devola.jpg,TRUE,520,4.8,"හේඩීස්ගේ දෙවොල, Hadesge Devola, The House of Hades",233,Colombo,46,25,160.2,119.14,High Demand
REAL-224,මායාකාරියෝ (Mayakariyo - The Witches),රෝල්ඩ් ඩාල්,ළමා නවකතා,950,955-570-405-8,/images/books/mayakariyo.jpg,TRUE,850,4.8,"මායාකාරියෝ, Mayakariyo, The Witches, රෝල්ඩ් ඩාල්",175,Colombo,46,20,148.5,115.6,High Demand
REAL-225,මැටිල්ඩා (Matilda),රෝල්ඩ් ඩාල් - පරි. උපාලි උබයසේකර,ළමා නවකතා,985,978-955-570-649-0,/images/books/matilda.jpg,TRUE,920,4.9,"මැටිල්ඩා, Matilda, රෝල්ඩ් ඩාල්, Roald Dahl",100,Galle,69,23,142.6,108.22,High Demand
REAL-226,මැලෝරි ටවර්ස් (Malory Towers),ඊනිඩ් බ්ලයිටන්,ළමා නවකතා,1150,978-624-5713-43-1,/images/books/malory_towers_1.jpg,TRUE,340,4.5,"මැලෝරි ටවර්ස්, Malory Towers, ඊනිඩ් බ්ලයිටන්",35,Galle,70,30,122.2,84.74,High Demand
REAL-227,මැලෝරි ටවර්ස් (Malory Towers),ඊනිඩ් බ්ලයිටන්,ළමා නවකතා,850,978-955-708-122-9,/images/books/malory_towers_2.jpg,TRUE,310,4.4,"මැලෝරි ටවර්ස්, Malory Towers, ඊනිඩ් බ්ලයිටන්",115,Kandy,12,11,98.3,84.56,High Demand
REAL-228,නැන්සි කෲ: ටෙඩි බෙයාර් අබිරහස,කැරොලයින් කීන්,පරිවර්තන (Translation),750,978-955-657-006-8,/images/books/nancy_drew_teddy_bear.jpg,TRUE,450,4.6,"නැන්සි කෲ, Nancy Drew, ටෙඩි බෙයාර් අබිරහස",104,Colombo,54,25,130.3,96.06,High Demand
REAL-229,නැන්සි කෲ: ෆින්ලේ මැදුරේ ද්විත්ව අබිරහස,කැරොලයින් කීන්,පරිවර්තන (Translation),750,978-955-657-078-6,/images/books/nancy_drew_fenley_place.jpg,TRUE,410,4.5,"නැන්සි කෲ, Nancy Drew, ෆින්ලේ මැදුරේ ද්විත්ව අබිරහස",259,Kandy,31,20,149.1,113.82,High Demand
REAL-230,මා බාල කාලේ (Ma Bala Kale),මැක්සිම් ගෝර්කි - පරි. ඒ.වී. ජයරත්න,පරිවර්තන (Translation),750,978-955-1311-11-7,/images/books/ma_bala_kale.jpg,TRUE,380,4.7,"මා බාල කාලේ, Ma Bala Kale, මැක්සිම් ගෝර්කි",102,Galle,45,1,80.8,76.86,Moderate Demand
REAL-231,විජයබා කොල්ලය (Vijayaba Kollaya),ඩබ්ලිව්. ඒ. සිල්වා,නවකතා (Novel),1230,978-955-31-1656-7,/images/books/vijayaba_kollaya.jpg,TRUE,920,4.9,"විජයබා කොල්ලය, Vijayaba Kollaya, ඩබ්ලිව්. ඒ. සිල්වා",275,Kandy,31,29,189.6,141.32,High Demand
REAL-232,අගමෙහෙසිය (Agamehesiya),ජයකොඩි සෙනෙවිරත්න,නවකතා (Novel),650,978-955-686-087-0,/images/books/agamehesiya.jpg,TRUE,540,4.6,"අගමෙහෙසිය, Agamehesiya, ජයකොඩි සෙනෙවිරත්න",209,Kandy,27,7,118,101.4,High Demand
